Transaction_ID,Date,Base_Currency,Target_Currency,Transfer_Amount_USD,Provider_Markup_Factor,Status,Real_Market_Rate,Applied_Provider_Rate,Cost_Leakage_USD,Compliance_Flag
TXN-1001,2026-08-16,USD,PHP,11097.14,1.04,Completed,61.39,63.57,393.78,REVIEW: HIGH SPREAD
TXN-1002,2026-08-16,USD,JPY,4002.97,1.03,Completed,159.01,163.48,112.48,CLEARED
TXN-1003,2026-08-16,USD,AUD,10188.62,1.02,Completed,1.41,1.44,184.18,REVIEW: HIGH VALUE
TXN-1004,2026-08-16,USD,GBP,2752.7,1.01,Delayed,0.74,0.75,28.2,CLEARED
TXN-1005,2026-08-16,USD,AUD,14040.78,1.02,Completed,1.41,1.44,276.97,REVIEW: HIGH VALUE
TXN-1006,2026-08-16,USD,JPY,5270.33,1.03,Completed,159.01,163.03,133.13,CLEARED
TXN-1007,2026-08-16,USD,GBP,13284.75,1.02,Completed,0.74,0.75,225.15,REVIEW: HIGH VALUE
TXN-1008,2026-08-16,USD,PHP,6919.33,1.03,Completed,61.39,63.49,236.54,REVIEW: HIGH SPREAD
TXN-1009,2026-08-16,USD,PHP,1614.11,1.01,Completed,61.39,62.01,16.32,CLEARED
TXN-1010,2026-08-16,USD,AUD,11615.66,1.03,Completed,1.41,1.45,307.12,REVIEW: HIGH VALUE
TXN-1011,2026-08-16,USD,GBP,7759.13,1.03,Completed,0.74,0.76,200.74,CLEARED
TXN-1012,2026-08-16,USD,AUD,554.3,1.02,Failed,1.41,1.44,9.49,CLEARED
TXN-1013,2026-08-16,USD,AUD,12995.47,1.02,Completed,1.41,1.44,299.83,REVIEW: HIGH VALUE
TXN-1014,2026-08-16,USD,JPY,2677.88,1.04,Completed,159.01,164.84,98.13,REVIEW: HIGH SPREAD
TXN-1015,2026-08-16,USD,PHP,2723.12,1.01,Completed,61.39,62.21,36.54,CLEARED
TXN-1016,2026-08-16,USD,GBP,4917.22,1.02,Completed,0.74,0.76,110.45,CLEARED
TXN-1017,2026-08-16,USD,AUD,7566.25,1.03,Completed,1.41,1.46,253.91,REVIEW: HIGH SPREAD
TXN-1018,2026-08-16,USD,JPY,1251.6,1.02,Completed,159.01,162.92,30.8,CLEARED
TXN-1019,2026-08-16,USD,PHP,10828.73,1.02,Completed,61.39,62.69,229.19,REVIEW: HIGH VALUE
TXN-1020,2026-08-16,USD,PHP,1579.92,1.04,Completed,61.39,63.78,61.5,REVIEW: HIGH SPREAD
TXN-1021,2026-08-16,USD,JPY,14468.54,1.04,Completed,159.01,165.28,570.69,REVIEW: HIGH SPREAD
TXN-1022,2026-08-16,USD,JPY,8014.75,1.03,Completed,159.01,163.92,247.73,REVIEW: HIGH SPREAD
TXN-1023,2026-08-16,USD,JPY,6344.08,1.02,Completed,159.01,162.11,123.81,CLEARED
TXN-1024,2026-08-16,USD,EUR,10759.25,1.04,Completed,0.86,0.9,406.61,REVIEW: HIGH SPREAD
TXN-1025,2026-08-16,USD,PHP,788.42,1.02,Completed,61.39,62.76,17.59,CLEARED
TXN-1026,2026-08-16,USD,EUR,9360.47,1.03,Completed,0.86,0.89,281.17,REVIEW: HIGH SPREAD
TXN-1027,2026-08-16,USD,PHP,9475.39,1.01,Delayed,61.39,62.03,99.32,CLEARED
TXN-1028,2026-08-16,USD,PHP,11463.5,1.03,Delayed,61.39,62.93,288.54,REVIEW: HIGH VALUE
TXN-1029,2026-08-16,USD,AUD,11660.27,1.02,Completed,1.41,1.44,204.94,REVIEW: HIGH VALUE
TXN-1030,2026-08-16,USD,GBP,3997.28,1.02,Completed,0.74,0.75,63.67,CLEARED
TXN-1031,2026-08-16,USD,GBP,6817.95,1.03,Completed,0.74,0.76,216.34,REVIEW: HIGH SPREAD
TXN-1032,2026-08-16,USD,JPY,2253.91,1.03,Completed,159.01,163.03,57.03,CLEARED
TXN-1033,2026-08-16,USD,PHP,9273.63,1.03,Completed,61.39,62.93,232.22,CLEARED
TXN-1034,2026-08-16,USD,GBP,10153.29,1.01,Completed,0.74,0.75,149.95,REVIEW: HIGH VALUE
TXN-1035,2026-08-16,USD,EUR,1222.04,1.04,Completed,0.86,0.9,48.1,REVIEW: HIGH SPREAD
TXN-1036,2026-08-16,USD,EUR,13878.76,1.01,Completed,0.86,0.88,195.8,REVIEW: HIGH VALUE
TXN-1037,2026-08-16,USD,AUD,8298.2,1.01,Completed,1.41,1.43,91.34,CLEARED
TXN-1038,2026-08-16,USD,GBP,13555.49,1.04,Completed,0.74,0.77,523.45,REVIEW: HIGH SPREAD
TXN-1039,2026-08-16,USD,JPY,2759.19,1.02,Completed,159.01,162.57,61.74,CLEARED
TXN-1040,2026-08-16,USD,GBP,7230.55,1.02,Completed,0.74,0.75,150.52,CLEARED
TXN-1041,2026-08-16,USD,JPY,10563.99,1.04,Completed,159.01,164.96,395.62,REVIEW: HIGH SPREAD
TXN-1042,2026-08-16,USD,GBP,8821.41,1.01,Completed,0.74,0.75,113.94,CLEARED
TXN-1043,2026-08-16,USD,GBP,3311.05,1.04,Completed,0.74,0.77,125.64,REVIEW: HIGH SPREAD
TXN-1044,2026-08-16,USD,AUD,5225.52,1.02,Completed,1.41,1.44,104.11,CLEARED
TXN-1045,2026-08-16,USD,EUR,3532.94,1.03,Completed,0.86,0.89,92.23,CLEARED
TXN-1046,2026-08-16,USD,EUR,10306.74,1.03,Completed,0.86,0.89,328.26,REVIEW: HIGH SPREAD
TXN-1047,2026-08-16,USD,JPY,2883.45,1.03,Completed,159.01,163.58,82.93,CLEARED
TXN-1048,2026-08-16,USD,GBP,14237.41,1.01,Completed,0.74,0.75,171.53,REVIEW: HIGH VALUE
TXN-1049,2026-08-16,USD,EUR,6031.85,1.04,Completed,0.86,0.9,219.1,REVIEW: HIGH SPREAD
TXN-1050,2026-08-16,USD,AUD,11221.89,1.02,Delayed,1.41,1.43,176.97,REVIEW: HIGH VALUE
TXN-1051,2026-08-16,USD,AUD,3548.55,1.03,Completed,1.41,1.45,102.88,CLEARED
TXN-1052,2026-08-16,USD,JPY,2561.13,1.03,Delayed,159.01,163.9,78.82,REVIEW: HIGH SPREAD
TXN-1053,2026-08-16,USD,EUR,6045.2,1.03,Completed,0.86,0.89,191.35,REVIEW: HIGH SPREAD
TXN-1054,2026-08-16,USD,AUD,4340.01,1.03,Completed,1.41,1.46,137.91,REVIEW: HIGH SPREAD
TXN-1055,2026-08-16,USD,GBP,689.72,1.03,Completed,0.74,0.76,18.91,CLEARED
TXN-1056,2026-08-16,USD,EUR,7576.56,1.01,Completed,0.86,0.87,82.53,CLEARED
TXN-1057,2026-08-16,USD,AUD,3400.15,1.02,Completed,1.41,1.45,80.39,CLEARED
TXN-1058,2026-08-16,USD,AUD,2463.88,1.01,Completed,1.41,1.43,31.84,CLEARED
TXN-1059,2026-08-16,USD,EUR,1665.55,1.02,Completed,0.86,0.88,35.04,CLEARED
TXN-1060,2026-08-16,USD,PHP,5410.02,1.02,Completed,61.39,62.75,120.32,CLEARED
TXN-1061,2026-08-16,USD,GBP,8512.18,1.02,Completed,0.74,0.76,201.36,CLEARED
TXN-1062,2026-08-16,USD,JPY,2577.66,1.04,Completed,159.01,164.97,96.54,REVIEW: HIGH SPREAD
TXN-1063,2026-08-16,USD,PHP,812.24,1.03,Completed,61.39,63.47,27.53,REVIEW: HIGH SPREAD
TXN-1064,2026-08-16,USD,PHP,2334.41,1.02,Completed,61.39,62.48,41.58,CLEARED
TXN-1065,2026-08-16,USD,EUR,1719.85,1.03,Completed,0.86,0.89,54.21,REVIEW: HIGH SPREAD
TXN-1066,2026-08-16,USD,AUD,10804.26,1.03,Completed,1.41,1.45,282.3,REVIEW: HIGH VALUE
TXN-1067,2026-08-16,USD,AUD,3221.0,1.02,Completed,1.41,1.43,51.65,CLEARED
TXN-1068,2026-08-16,USD,EUR,9579.32,1.03,Completed,0.86,0.89,244.14,CLEARED
TXN-1069,2026-08-16,USD,GBP,9945.2,1.01,Completed,0.74,0.75,101.31,CLEARED
TXN-1070,2026-08-16,USD,PHP,3117.24,1.02,Completed,61.39,62.64,63.65,CLEARED
TXN-1071,2026-08-16,USD,GBP,10002.6,1.01,Completed,0.74,0.75,101.28,REVIEW: HIGH VALUE
TXN-1072,2026-08-16,USD,JPY,9205.8,1.02,Failed,159.01,162.1,178.83,CLEARED
TXN-1073,2026-08-16,USD,GBP,7052.8,1.03,Failed,0.74,0.76,229.26,REVIEW: HIGH SPREAD
TXN-1074,2026-08-16,USD,AUD,7347.72,1.03,Completed,1.41,1.45,196.32,CLEARED
TXN-1075,2026-08-16,USD,EUR,12385.1,1.03,Completed,0.86,0.89,325.03,REVIEW: HIGH VALUE
TXN-1076,2026-08-16,USD,JPY,4049.85,1.03,Completed,159.01,163.04,102.59,CLEARED
TXN-1077,2026-08-16,USD,EUR,13322.59,1.02,Completed,0.86,0.88,303.63,REVIEW: HIGH VALUE
TXN-1078,2026-08-16,USD,JPY,13639.71,1.01,Completed,159.01,160.62,138.13,REVIEW: HIGH VALUE
TXN-1079,2026-08-16,USD,JPY,10798.92,1.04,Completed,159.01,164.68,385.1,REVIEW: HIGH SPREAD
TXN-1080,2026-08-16,USD,PHP,14019.23,1.02,Completed,61.39,62.35,219.04,REVIEW: HIGH VALUE
TXN-1081,2026-08-16,USD,JPY,1054.94,1.02,Delayed,159.01,161.91,19.22,CLEARED
TXN-1082,2026-08-16,USD,GBP,2548.66,1.01,Completed,0.74,0.75,26.62,CLEARED
TXN-1083,2026-08-16,USD,PHP,2150.13,1.02,Completed,61.39,62.63,43.37,CLEARED
TXN-1084,2026-08-16,USD,GBP,9898.06,1.02,Completed,0.74,0.76,228.82,CLEARED
TXN-1085,2026-08-16,USD,PHP,11075.9,1.01,Completed,61.39,62.12,131.29,REVIEW: HIGH VALUE
TXN-1086,2026-08-16,USD,PHP,12700.29,1.02,Completed,61.39,62.41,210.58,REVIEW: HIGH VALUE
TXN-1087,2026-08-16,USD,GBP,2865.81,1.04,Completed,0.74,0.77,112.97,REVIEW: HIGH SPREAD
TXN-1088,2026-08-16,USD,AUD,8647.52,1.02,Completed,1.41,1.44,190.69,CLEARED
TXN-1089,2026-08-16,USD,EUR,7340.97,1.02,Completed,0.86,0.88,135.31,CLEARED
TXN-1090,2026-08-16,USD,AUD,14469.22,1.02,Completed,1.41,1.44,260.59,REVIEW: HIGH VALUE
TXN-1091,2026-08-16,USD,JPY,3857.52,1.03,Delayed,159.01,163.87,117.86,REVIEW: HIGH SPREAD
TXN-1092,2026-08-16,USD,EUR,11829.03,1.03,Completed,0.86,0.89,304.38,REVIEW: HIGH VALUE
TXN-1093,2026-08-16,USD,AUD,12819.41,1.04,Completed,1.41,1.47,510.32,REVIEW: HIGH SPREAD
TXN-1094,2026-08-16,USD,EUR,4352.28,1.02,Completed,0.86,0.88,98.36,CLEARED
TXN-1095,2026-08-16,USD,GBP,14513.29,1.03,Completed,0.74,0.76,499.81,REVIEW: HIGH SPREAD
TXN-1096,2026-08-16,USD,EUR,11012.56,1.02,Failed,0.86,0.88,192.88,REVIEW: HIGH VALUE
TXN-1097,2026-08-16,USD,PHP,9995.96,1.03,Completed,61.39,63.27,306.35,REVIEW: HIGH SPREAD
TXN-1098,2026-08-16,USD,EUR,1783.76,1.01,Completed,0.86,0.88,26.48,CLEARED
TXN-1099,2026-08-16,USD,JPY,2182.72,1.02,Completed,159.01,162.26,44.65,CLEARED
TXN-1100,2026-08-16,USD,JPY,7340.31,1.03,Completed,159.01,164.41,249.17,REVIEW: HIGH SPREAD
TXN-1101,2026-08-16,USD,GBP,3541.5,1.02,Completed,0.74,0.75,73.21,CLEARED
TXN-1102,2026-08-16,USD,GBP,7486.85,1.01,Completed,0.74,0.75,75.17,CLEARED
TXN-1103,2026-08-16,USD,JPY,4206.31,1.01,Completed,159.01,160.97,51.76,CLEARED
TXN-1104,2026-08-16,USD,AUD,4403.26,1.03,Completed,1.41,1.46,141.34,REVIEW: HIGH SPREAD
TXN-1105,2026-08-16,USD,GBP,12451.13,1.02,Completed,0.74,0.76,308.67,REVIEW: HIGH VALUE
TXN-1106,2026-08-16,USD,GBP,2894.21,1.03,Completed,0.74,0.76,79.76,CLEARED
TXN-1107,2026-08-16,USD,AUD,13951.25,1.01,Completed,1.41,1.43,194.7,REVIEW: HIGH VALUE
TXN-1108,2026-08-16,USD,JPY,1955.87,1.03,Completed,159.01,163.27,52.38,CLEARED
TXN-1109,2026-08-16,USD,JPY,8121.5,1.04,Completed,159.01,164.68,289.5,REVIEW: HIGH SPREAD
TXN-1110,2026-08-16,USD,AUD,14470.2,1.03,Completed,1.41,1.45,376.03,REVIEW: HIGH VALUE
TXN-1111,2026-08-16,USD,GBP,1912.73,1.04,Completed,0.74,0.77,68.21,REVIEW: HIGH SPREAD
TXN-1112,2026-08-16,USD,EUR,6556.87,1.02,Completed,0.86,0.89,155.38,CLEARED
TXN-1113,2026-08-16,USD,AUD,10202.53,1.03,Delayed,1.41,1.45,275.8,REVIEW: HIGH VALUE
TXN-1114,2026-08-16,USD,GBP,4490.34,1.03,Completed,0.74,0.76,119.79,CLEARED
TXN-1115,2026-08-16,USD,PHP,10255.59,1.02,Completed,61.39,62.84,242.64,REVIEW: HIGH VALUE
TXN-1116,2026-08-16,USD,AUD,948.83,1.01,Completed,1.41,1.43,11.28,CLEARED
TXN-1117,2026-08-16,USD,EUR,14306.57,1.01,Completed,0.86,0.87,159.08,REVIEW: HIGH VALUE
TXN-1118,2026-08-16,USD,EUR,11015.74,1.02,Completed,0.86,0.88,174.01,REVIEW: HIGH VALUE
TXN-1119,2026-08-16,USD,PHP,9634.95,1.03,Completed,61.39,63.39,314.38,REVIEW: HIGH SPREAD
TXN-1120,2026-08-16,USD,PHP,14534.5,1.03,Completed,61.39,62.96,372.29,REVIEW: HIGH VALUE
TXN-1121,2026-08-16,USD,PHP,4334.31,1.03,Completed,61.39,63.27,133.09,REVIEW: HIGH SPREAD
TXN-1122,2026-08-16,USD,PHP,6658.81,1.01,Completed,61.39,62.29,97.7,CLEARED
TXN-1123,2026-08-16,USD,PHP,9570.85,1.01,Completed,61.39,62.03,99.9,CLEARED
TXN-1124,2026-08-16,USD,JPY,10041.26,1.04,Completed,159.01,164.75,362.21,REVIEW: HIGH SPREAD
TXN-1125,2026-08-16,USD,JPY,6763.15,1.02,Failed,159.01,162.86,163.54,CLEARED
TXN-1126,2026-08-16,USD,GBP,3517.25,1.03,Completed,0.74,0.76,101.32,CLEARED
TXN-1127,2026-08-16,USD,AUD,9934.29,1.01,Completed,1.41,1.43,101.49,CLEARED
TXN-1128,2026-08-16,USD,AUD,6145.21,1.03,Completed,1.41,1.45,174.83,CLEARED
TXN-1129,2026-08-16,USD,JPY,9310.0,1.02,Completed,159.01,161.67,155.97,CLEARED
TXN-1130,2026-08-16,USD,PHP,1666.47,1.03,Completed,61.39,62.98,43.15,CLEARED
TXN-1131,2026-08-16,USD,EUR,13379.79,1.02,Completed,0.86,0.88,298.69,REVIEW: HIGH VALUE
TXN-1132,2026-08-16,USD,JPY,9578.69,1.03,Completed,159.01,164.02,302.03,REVIEW: HIGH SPREAD
TXN-1133,2026-08-16,USD,PHP,1750.66,1.03,Completed,61.39,63.39,57.14,REVIEW: HIGH SPREAD
TXN-1134,2026-08-16,USD,AUD,12767.39,1.04,Delayed,1.41,1.47,509.55,REVIEW: HIGH SPREAD
TXN-1135,2026-08-16,USD,EUR,4314.84,1.04,Completed,0.86,0.9,160.49,REVIEW: HIGH SPREAD
TXN-1136,2026-08-16,USD,AUD,13309.84,1.03,Completed,1.41,1.46,450.34,REVIEW: HIGH SPREAD
TXN-1137,2026-08-16,USD,EUR,7291.75,1.03,Completed,0.86,0.89,196.47,CLEARED
TXN-1138,2026-08-16,USD,AUD,1747.89,1.02,Completed,1.41,1.44,38.68,CLEARED
TXN-1139,2026-08-16,USD,PHP,3812.41,1.01,Failed,61.39,62.05,41.37,CLEARED
TXN-1140,2026-08-16,USD,AUD,8749.6,1.02,Completed,1.41,1.44,188.33,CLEARED
TXN-1141,2026-08-16,USD,JPY,8830.85,1.02,Completed,159.01,161.98,164.83,CLEARED
TXN-1142,2026-08-16,USD,GBP,8109.26,1.01,Completed,0.74,0.75,88.79,CLEARED
TXN-1143,2026-08-16,USD,PHP,9255.45,1.02,Delayed,61.39,62.39,151.82,CLEARED
TXN-1144,2026-08-16,USD,AUD,8407.28,1.02,Completed,1.41,1.44,172.95,CLEARED
TXN-1145,2026-08-16,USD,PHP,13683.51,1.04,Completed,61.39,63.74,524.38,REVIEW: HIGH SPREAD
TXN-1146,2026-08-16,USD,AUD,4221.7,1.02,Completed,1.41,1.43,66.92,CLEARED
TXN-1147,2026-08-16,USD,JPY,4576.5,1.01,Completed,159.01,160.93,55.37,CLEARED
TXN-1148,2026-08-16,USD,JPY,2636.81,1.01,Completed,159.01,160.83,30.1,CLEARED
TXN-1149,2026-08-16,USD,AUD,6029.33,1.02,Completed,1.41,1.44,136.59,CLEARED
TXN-1150,2026-08-16,USD,AUD,4206.72,1.02,Completed,1.41,1.44,96.45,CLEARED
TXN-1151,2026-08-16,USD,EUR,4314.6,1.02,Completed,0.86,0.89,103.23,CLEARED
TXN-1152,2026-08-16,USD,JPY,3803.02,1.02,Completed,159.01,162.45,82.28,CLEARED
TXN-1153,2026-08-16,USD,GBP,12052.98,1.03,Completed,0.74,0.76,316.84,REVIEW: HIGH VALUE
TXN-1154,2026-08-16,USD,PHP,9995.5,1.02,Completed,61.39,62.42,168.38,CLEARED
TXN-1155,2026-08-16,USD,EUR,14959.6,1.02,Completed,0.86,0.88,318.59,REVIEW: HIGH VALUE
TXN-1156,2026-08-16,USD,JPY,10147.79,1.04,Completed,159.01,165.31,401.87,REVIEW: HIGH SPREAD
TXN-1157,2026-08-16,USD,PHP,4375.34,1.03,Completed,61.39,63.0,114.99,CLEARED
TXN-1158,2026-08-16,USD,JPY,13459.12,1.03,Completed,159.01,164.44,459.76,REVIEW: HIGH SPREAD
TXN-1159,2026-08-16,USD,AUD,2415.32,1.03,Completed,1.41,1.45,64.96,CLEARED
TXN-1160,2026-08-16,USD,GBP,8697.37,1.01,Completed,0.74,0.75,123.0,CLEARED
TXN-1161,2026-08-16,USD,EUR,10385.11,1.01,Completed,0.86,0.88,138.37,REVIEW: HIGH VALUE
TXN-1162,2026-08-16,USD,PHP,12979.16,1.03,Completed,61.39,63.44,434.77,REVIEW: HIGH SPREAD
TXN-1163,2026-08-16,USD,EUR,1245.46,1.02,Completed,0.86,0.88,23.39,CLEARED
TXN-1164,2026-08-16,USD,GBP,10530.09,1.03,Completed,0.74,0.76,327.93,REVIEW: HIGH SPREAD
TXN-1165,2026-08-16,USD,GBP,11509.57,1.02,Completed,0.74,0.75,204.39,REVIEW: HIGH VALUE
TXN-1166,2026-08-16,USD,AUD,1251.73,1.02,Completed,1.41,1.44,24.25,CLEARED
TXN-1167,2026-08-16,USD,PHP,12238.67,1.02,Completed,61.39,62.49,220.33,REVIEW: HIGH VALUE
TXN-1168,2026-08-16,USD,JPY,6440.42,1.03,Completed,159.01,163.14,167.4,CLEARED
TXN-1169,2026-08-16,USD,EUR,7934.33,1.01,Completed,0.86,0.87,84.41,CLEARED
TXN-1170,2026-08-16,USD,GBP,9473.52,1.03,Completed,0.74,0.76,295.04,REVIEW: HIGH SPREAD
TXN-1171,2026-08-16,USD,GBP,9678.38,1.03,Completed,0.74,0.76,325.88,REVIEW: HIGH SPREAD
TXN-1172,2026-08-16,USD,JPY,9446.61,1.02,Completed,159.01,162.35,198.14,CLEARED
TXN-1173,2026-08-16,USD,GBP,13399.09,1.04,Completed,0.74,0.77,486.11,REVIEW: HIGH SPREAD
TXN-1174,2026-08-16,USD,JPY,1929.64,1.04,Completed,159.01,164.71,69.22,REVIEW: HIGH SPREAD
TXN-1175,2026-08-16,USD,AUD,14147.36,1.03,Completed,1.41,1.46,447.21,REVIEW: HIGH SPREAD
TXN-1176,2026-08-16,USD,EUR,12482.52,1.02,Completed,0.86,0.88,191.52,REVIEW: HIGH VALUE
TXN-1177,2026-08-16,USD,AUD,2308.11,1.02,Completed,1.41,1.44,39.82,CLEARED
TXN-1178,2026-08-16,USD,EUR,7703.36,1.02,Completed,0.86,0.88,118.74,CLEARED
TXN-1179,2026-08-16,USD,GBP,2803.79,1.03,Completed,0.74,0.76,82.3,CLEARED
TXN-1180,2026-08-16,USD,AUD,2877.88,1.03,Completed,1.41,1.45,75.03,CLEARED
TXN-1181,2026-08-16,USD,EUR,2537.96,1.04,Completed,0.86,0.9,94.45,REVIEW: HIGH SPREAD
TXN-1182,2026-08-16,USD,AUD,11429.91,1.02,Completed,1.41,1.43,172.38,REVIEW: HIGH VALUE
TXN-1183,2026-08-16,USD,EUR,5972.05,1.03,Completed,0.86,0.89,156.99,CLEARED
TXN-1184,2026-08-16,USD,PHP,12047.41,1.03,Completed,61.39,63.37,389.0,REVIEW: HIGH SPREAD
TXN-1185,2026-08-16,USD,EUR,10979.26,1.03,Completed,0.86,0.89,383.96,REVIEW: HIGH SPREAD
TXN-1186,2026-08-16,USD,GBP,1808.21,1.02,Completed,0.74,0.75,37.2,CLEARED
TXN-1187,2026-08-16,USD,AUD,4745.42,1.03,Completed,1.41,1.46,157.53,REVIEW: HIGH SPREAD
TXN-1188,2026-08-16,USD,AUD,3297.59,1.02,Completed,1.41,1.45,78.94,CLEARED
TXN-1189,2026-08-16,USD,GBP,7193.84,1.03,Completed,0.74,0.76,239.35,REVIEW: HIGH SPREAD
TXN-1190,2026-08-16,USD,EUR,11067.2,1.04,Completed,0.86,0.9,420.02,REVIEW: HIGH SPREAD
TXN-1191,2026-08-16,USD,PHP,11960.67,1.03,Completed,61.39,63.08,329.53,REVIEW: HIGH VALUE
TXN-1192,2026-08-16,USD,GBP,7327.34,1.02,Completed,0.74,0.75,115.14,CLEARED
TXN-1193,2026-08-16,USD,GBP,7744.13,1.02,Delayed,0.74,0.75,157.92,CLEARED
TXN-1194,2026-08-16,USD,AUD,2158.58,1.03,Completed,1.41,1.45,64.78,REVIEW: HIGH SPREAD
TXN-1195,2026-08-16,USD,GBP,11888.43,1.01,Completed,0.74,0.75,156.58,REVIEW: HIGH VALUE
TXN-1196,2026-08-16,USD,AUD,1465.46,1.03,Failed,1.41,1.45,39.29,CLEARED
TXN-1197,2026-08-16,USD,JPY,3618.23,1.04,Completed,159.01,164.59,126.92,REVIEW: HIGH SPREAD
TXN-1198,2026-08-16,USD,PHP,8354.02,1.02,Completed,61.39,62.54,156.99,CLEARED
TXN-1199,2026-08-16,USD,GBP,9492.35,1.04,Completed,0.74,0.77,360.73,REVIEW: HIGH SPREAD
TXN-1200,2026-08-16,USD,EUR,10683.77,1.02,Completed,0.86,0.88,174.27,REVIEW: HIGH VALUE
TXN-1201,2026-08-16,USD,PHP,7452.03,1.03,Completed,61.39,62.97,191.57,CLEARED
TXN-1202,2026-08-16,USD,GBP,7605.32,1.02,Completed,0.74,0.75,162.56,CLEARED
TXN-1203,2026-08-16,USD,PHP,12462.95,1.02,Completed,61.39,62.35,194.82,REVIEW: HIGH VALUE
TXN-1204,2026-08-16,USD,AUD,4159.69,1.02,Completed,1.41,1.44,79.83,CLEARED
TXN-1205,2026-08-16,USD,JPY,718.04,1.02,Completed,159.01,162.37,15.16,CLEARED
TXN-1206,2026-08-16,USD,PHP,13144.74,1.03,Completed,61.39,63.45,441.48,REVIEW: HIGH SPREAD
TXN-1207,2026-08-16,USD,PHP,4987.06,1.02,Completed,61.39,62.75,110.28,CLEARED
TXN-1208,2026-08-16,USD,PHP,9883.8,1.03,Completed,61.39,63.35,316.38,REVIEW: HIGH SPREAD
TXN-1209,2026-08-16,USD,PHP,9141.05,1.02,Completed,61.39,62.66,188.95,CLEARED
TXN-1210,2026-08-16,USD,AUD,3156.62,1.03,Completed,1.41,1.46,109.54,REVIEW: HIGH SPREAD
TXN-1211,2026-08-16,USD,JPY,12235.59,1.01,Delayed,159.01,160.86,142.19,REVIEW: HIGH VALUE
TXN-1212,2026-08-16,USD,GBP,709.92,1.01,Completed,0.74,0.75,7.89,CLEARED
TXN-1213,2026-08-16,USD,JPY,10255.55,1.03,Completed,159.01,163.06,261.2,REVIEW: HIGH VALUE
TXN-1214,2026-08-16,USD,GBP,13774.98,1.02,Completed,0.74,0.76,308.04,REVIEW: HIGH VALUE
TXN-1215,2026-08-16,USD,JPY,6496.63,1.02,Completed,159.01,161.74,111.51,CLEARED
TXN-1216,2026-08-16,USD,AUD,1643.27,1.03,Completed,1.41,1.46,54.59,REVIEW: HIGH SPREAD
TXN-1217,2026-08-16,USD,GBP,6683.46,1.03,Completed,0.74,0.76,199.72,CLEARED
TXN-1218,2026-08-16,USD,JPY,9639.94,1.01,Completed,159.01,160.84,110.83,CLEARED
TXN-1219,2026-08-16,USD,PHP,1069.08,1.03,Completed,61.39,63.42,35.38,REVIEW: HIGH SPREAD
TXN-1220,2026-08-16,USD,GBP,12016.82,1.02,Completed,0.74,0.75,193.1,REVIEW: HIGH VALUE
TXN-1221,2026-08-16,USD,AUD,14035.92,1.03,Completed,1.41,1.46,456.22,REVIEW: HIGH SPREAD
TXN-1222,2026-08-16,USD,AUD,1534.14,1.04,Delayed,1.41,1.46,54.72,REVIEW: HIGH SPREAD
TXN-1223,2026-08-16,USD,AUD,10916.2,1.01,Completed,1.41,1.43,129.93,REVIEW: HIGH VALUE
TXN-1224,2026-08-16,USD,PHP,14600.76,1.02,Completed,61.39,62.48,260.64,REVIEW: HIGH VALUE
TXN-1225,2026-08-16,USD,JPY,9467.54,1.04,Completed,159.01,164.92,351.82,REVIEW: HIGH SPREAD
TXN-1226,2026-08-16,USD,GBP,1584.41,1.02,Completed,0.74,0.75,31.1,CLEARED
TXN-1227,2026-08-16,USD,GBP,4698.81,1.02,Completed,0.74,0.76,105.26,CLEARED
TXN-1228,2026-08-16,USD,PHP,2652.91,1.04,Completed,61.39,63.72,100.82,REVIEW: HIGH SPREAD
TXN-1229,2026-08-16,USD,AUD,2748.59,1.01,Completed,1.41,1.43,35.03,CLEARED
TXN-1230,2026-08-16,USD,GBP,6466.72,1.04,Completed,0.74,0.77,233.93,REVIEW: HIGH SPREAD
TXN-1231,2026-08-16,USD,EUR,5689.58,1.02,Completed,0.86,0.88,127.24,CLEARED
TXN-1232,2026-08-16,USD,EUR,8720.71,1.03,Completed,0.86,0.89,233.95,CLEARED
TXN-1233,2026-08-16,USD,EUR,8132.59,1.04,Completed,0.86,0.9,304.17,REVIEW: HIGH SPREAD
TXN-1234,2026-08-16,USD,AUD,7043.06,1.02,Completed,1.41,1.44,142.33,CLEARED
TXN-1235,2026-08-16,USD,EUR,2383.64,1.01,Completed,0.86,0.88,34.25,CLEARED
TXN-1236,2026-08-16,USD,AUD,6013.52,1.03,Completed,1.41,1.46,190.83,REVIEW: HIGH SPREAD
TXN-1237,2026-08-16,USD,EUR,14662.54,1.03,Completed,0.86,0.89,389.16,REVIEW: HIGH VALUE
TXN-1238,2026-08-16,USD,JPY,5787.26,1.03,Completed,159.01,163.67,169.46,CLEARED
TXN-1239,2026-08-16,USD,JPY,5659.56,1.01,Completed,159.01,161.31,81.81,CLEARED
TXN-1240,2026-08-16,USD,AUD,4341.6,1.03,Completed,1.41,1.46,138.71,REVIEW: HIGH SPREAD
TXN-1241,2026-08-16,USD,AUD,6553.4,1.03,Completed,1.41,1.45,178.16,CLEARED
TXN-1242,2026-08-16,USD,AUD,1894.89,1.02,Completed,1.41,1.43,29.16,CLEARED
TXN-1243,2026-08-16,USD,AUD,2281.9,1.01,Completed,1.41,1.43,32.7,CLEARED
TXN-1244,2026-08-16,USD,JPY,6002.84,1.01,Completed,159.01,160.6,60.04,CLEARED
TXN-1245,2026-08-16,USD,AUD,1599.77,1.01,Completed,1.41,1.43,21.24,CLEARED
TXN-1246,2026-08-16,USD,JPY,9518.1,1.01,Completed,159.01,161.28,135.74,CLEARED
TXN-1247,2026-08-16,USD,GBP,13298.91,1.01,Completed,0.74,0.75,177.88,REVIEW: HIGH VALUE
TXN-1248,2026-08-16,USD,AUD,11059.51,1.02,Completed,1.41,1.43,172.84,REVIEW: HIGH VALUE
TXN-1249,2026-08-16,USD,EUR,7034.78,1.04,Failed,0.86,0.9,254.43,REVIEW: HIGH SPREAD
TXN-1250,2026-08-16,USD,JPY,1259.79,1.01,Failed,159.01,160.91,15.06,CLEARED
TXN-1251,2026-08-16,USD,PHP,14220.28,1.01,Completed,61.39,62.04,150.13,REVIEW: HIGH VALUE
TXN-1252,2026-08-16,USD,GBP,7993.23,1.03,Completed,0.74,0.76,245.32,REVIEW: HIGH SPREAD
TXN-1253,2026-08-16,USD,PHP,11911.52,1.03,Completed,61.39,63.42,395.11,REVIEW: HIGH SPREAD
TXN-1254,2026-08-16,USD,JPY,5593.95,1.02,Completed,159.01,162.15,110.55,CLEARED
TXN-1255,2026-08-16,USD,GBP,4787.09,1.04,Completed,0.74,0.77,171.9,REVIEW: HIGH SPREAD
TXN-1256,2026-08-16,USD,AUD,12008.0,1.02,Completed,1.41,1.44,224.87,REVIEW: HIGH VALUE
TXN-1257,2026-08-16,USD,EUR,12219.16,1.03,Completed,0.86,0.89,415.76,REVIEW: HIGH SPREAD
TXN-1258,2026-08-16,USD,AUD,11089.34,1.03,Completed,1.41,1.46,348.47,REVIEW: HIGH SPREAD
TXN-1259,2026-08-16,USD,AUD,13543.32,1.03,Completed,1.41,1.46,464.87,REVIEW: HIGH SPREAD
TXN-1260,2026-08-16,USD,PHP,12678.09,1.03,Completed,61.39,63.48,432.21,REVIEW: HIGH SPREAD
TXN-1261,2026-08-16,USD,JPY,12363.41,1.03,Delayed,159.01,163.86,376.89,REVIEW: HIGH SPREAD
TXN-1262,2026-08-16,USD,AUD,4487.48,1.04,Completed,1.41,1.46,159.86,REVIEW: HIGH SPREAD
TXN-1263,2026-08-16,USD,GBP,10385.68,1.02,Completed,0.74,0.75,194.73,REVIEW: HIGH VALUE
TXN-1264,2026-08-16,USD,PHP,10798.87,1.01,Completed,61.39,62.21,144.91,REVIEW: HIGH VALUE
TXN-1265,2026-08-16,USD,EUR,9982.84,1.01,Completed,0.86,0.87,112.39,CLEARED
TXN-1266,2026-08-16,USD,GBP,1935.39,1.02,Completed,0.74,0.76,46.24,CLEARED
TXN-1267,2026-08-16,USD,PHP,7474.14,1.04,Delayed,61.39,63.84,298.04,REVIEW: HIGH SPREAD
TXN-1268,2026-08-16,USD,JPY,8850.57,1.03,Completed,159.01,163.78,265.33,CLEARED
TXN-1269,2026-08-16,USD,GBP,754.86,1.03,Completed,0.74,0.76,22.36,CLEARED
TXN-1270,2026-08-16,USD,EUR,12147.61,1.04,Delayed,0.86,0.9,470.9,REVIEW: HIGH SPREAD
TXN-1271,2026-08-16,USD,PHP,6758.55,1.02,Completed,61.39,62.57,129.96,CLEARED
TXN-1272,2026-08-16,USD,EUR,3078.44,1.03,Completed,0.86,0.89,98.05,REVIEW: HIGH SPREAD
TXN-1273,2026-08-16,USD,AUD,12663.42,1.03,Completed,1.41,1.46,406.19,REVIEW: HIGH SPREAD
TXN-1274,2026-08-16,USD,EUR,1456.59,1.01,Completed,0.86,0.87,15.44,CLEARED
TXN-1275,2026-08-16,USD,JPY,617.86,1.04,Completed,159.01,165.09,23.63,REVIEW: HIGH SPREAD
TXN-1276,2026-08-16,USD,GBP,10238.27,1.01,Completed,0.74,0.75,149.61,REVIEW: HIGH VALUE
TXN-1277,2026-08-16,USD,EUR,9470.88,1.04,Delayed,0.86,0.9,364.53,REVIEW: HIGH SPREAD
TXN-1278,2026-08-16,USD,EUR,14831.49,1.02,Completed,0.86,0.88,268.32,REVIEW: HIGH VALUE
TXN-1279,2026-08-16,USD,GBP,3181.19,1.04,Completed,0.74,0.77,125.22,REVIEW: HIGH SPREAD
TXN-1280,2026-08-16,USD,JPY,10897.58,1.03,Completed,159.01,163.88,333.9,REVIEW: HIGH SPREAD
TXN-1281,2026-08-16,USD,EUR,4733.42,1.03,Completed,0.86,0.89,153.31,REVIEW: HIGH SPREAD
TXN-1282,2026-08-16,USD,AUD,9782.64,1.04,Completed,1.41,1.46,357.88,REVIEW: HIGH SPREAD
TXN-1283,2026-08-16,USD,EUR,3738.01,1.01,Completed,0.86,0.88,45.84,CLEARED
TXN-1284,2026-08-16,USD,PHP,1200.15,1.03,Completed,61.39,63.45,40.35,REVIEW: HIGH SPREAD
TXN-1285,2026-08-16,USD,GBP,2550.28,1.02,Delayed,0.74,0.75,48.44,CLEARED
TXN-1286,2026-08-16,USD,GBP,5875.21,1.03,Completed,0.74,0.76,148.93,CLEARED
TXN-1287,2026-08-16,USD,PHP,4567.17,1.02,Completed,61.39,62.6,90.14,CLEARED
TXN-1288,2026-08-16,USD,JPY,3885.18,1.04,Completed,159.01,165.15,150.11,REVIEW: HIGH SPREAD
TXN-1289,2026-08-16,USD,PHP,5428.11,1.01,Completed,61.39,62.28,79.21,CLEARED
TXN-1290,2026-08-16,USD,JPY,8509.9,1.02,Completed,159.01,161.52,134.43,CLEARED
TXN-1291,2026-08-16,USD,AUD,11879.61,1.03,Delayed,1.41,1.45,320.36,REVIEW: HIGH VALUE
TXN-1292,2026-08-16,USD,EUR,1015.44,1.03,Completed,0.86,0.89,32.91,REVIEW: HIGH SPREAD
TXN-1293,2026-08-16,USD,AUD,12736.25,1.03,Completed,1.41,1.45,365.78,REVIEW: HIGH VALUE
TXN-1294,2026-08-16,USD,AUD,10739.84,1.02,Completed,1.41,1.44,176.63,REVIEW: HIGH VALUE
TXN-1295,2026-08-16,USD,JPY,3509.13,1.03,Delayed,159.01,163.61,101.45,CLEARED
TXN-1296,2026-08-16,USD,PHP,11814.13,1.03,Completed,61.39,63.07,322.77,REVIEW: HIGH VALUE
TXN-1297,2026-08-16,USD,AUD,6113.49,1.04,Delayed,1.41,1.47,234.78,REVIEW: HIGH SPREAD
TXN-1298,2026-08-16,USD,GBP,6092.19,1.03,Completed,0.74,0.76,202.63,REVIEW: HIGH SPREAD
TXN-1299,2026-08-16,USD,AUD,11689.08,1.02,Failed,1.41,1.44,199.45,REVIEW: HIGH VALUE
TXN-1300,2026-08-16,USD,AUD,5529.52,1.02,Completed,1.41,1.44,91.39,CLEARED
TXN-1301,2026-08-16,USD,JPY,6708.85,1.03,Completed,159.01,163.47,188.1,CLEARED
TXN-1302,2026-08-16,USD,EUR,4341.15,1.01,Delayed,0.86,0.87,44.62,CLEARED
TXN-1303,2026-08-16,USD,AUD,10944.65,1.03,Completed,1.41,1.46,347.55,REVIEW: HIGH SPREAD
TXN-1304,2026-08-16,USD,JPY,14596.63,1.03,Completed,159.01,163.67,427.32,REVIEW: HIGH VALUE
TXN-1305,2026-08-16,USD,GBP,9796.89,1.02,Completed,0.74,0.75,189.57,CLEARED
TXN-1306,2026-08-16,USD,AUD,7261.24,1.02,Completed,1.41,1.43,109.02,CLEARED
TXN-1307,2026-08-16,USD,EUR,7145.76,1.03,Completed,0.86,0.89,234.7,REVIEW: HIGH SPREAD
TXN-1308,2026-08-16,USD,JPY,14558.13,1.03,Completed,159.01,163.0,365.17,REVIEW: HIGH VALUE
TXN-1309,2026-08-16,USD,GBP,10554.8,1.04,Completed,0.74,0.77,398.81,REVIEW: HIGH SPREAD
TXN-1310,2026-08-16,USD,GBP,4199.39,1.02,Completed,0.74,0.76,94.27,CLEARED
TXN-1311,2026-08-16,USD,PHP,13633.12,1.03,Completed,61.39,63.07,372.7,REVIEW: HIGH VALUE
TXN-1312,2026-08-16,USD,EUR,2507.68,1.02,Completed,0.86,0.89,61.93,CLEARED
TXN-1313,2026-08-16,USD,PHP,8539.77,1.03,Completed,61.39,63.39,278.34,REVIEW: HIGH SPREAD
TXN-1314,2026-08-16,USD,JPY,14131.78,1.02,Delayed,159.01,161.75,243.13,REVIEW: HIGH VALUE
TXN-1315,2026-08-16,USD,GBP,14681.72,1.02,Completed,0.74,0.75,299.66,REVIEW: HIGH VALUE
TXN-1316,2026-08-16,USD,AUD,3206.2,1.02,Delayed,1.41,1.45,79.9,CLEARED
TXN-1317,2026-08-16,USD,PHP,3336.17,1.04,Completed,61.39,63.84,133.34,REVIEW: HIGH SPREAD
TXN-1318,2026-08-16,USD,JPY,3050.44,1.03,Completed,159.01,163.34,83.01,CLEARED
TXN-1319,2026-08-16,USD,AUD,14437.2,1.01,Completed,1.41,1.43,145.73,REVIEW: HIGH VALUE
TXN-1320,2026-08-16,USD,JPY,7536.46,1.02,Completed,159.01,161.54,120.02,CLEARED
TXN-1321,2026-08-16,USD,JPY,11167.16,1.02,Completed,159.01,162.52,246.3,REVIEW: HIGH VALUE
TXN-1322,2026-08-16,USD,EUR,9997.91,1.01,Completed,0.86,0.87,103.91,CLEARED
TXN-1323,2026-08-16,USD,JPY,14935.7,1.04,Delayed,159.01,164.9,553.38,REVIEW: HIGH SPREAD
TXN-1324,2026-08-16,USD,AUD,2093.09,1.03,Completed,1.41,1.45,56.43,CLEARED
TXN-1325,2026-08-16,USD,GBP,10308.17,1.03,Completed,0.74,0.76,282.23,REVIEW: HIGH VALUE
TXN-1326,2026-08-16,USD,AUD,2198.57,1.02,Completed,1.41,1.44,50.56,CLEARED
TXN-1327,2026-08-16,USD,JPY,1723.36,1.04,Completed,159.01,165.2,67.05,REVIEW: HIGH SPREAD
TXN-1328,2026-08-16,USD,PHP,5931.28,1.02,Completed,61.39,62.5,107.56,CLEARED
TXN-1329,2026-08-16,USD,PHP,6867.49,1.01,Completed,61.39,62.16,86.38,CLEARED
TXN-1330,2026-08-16,USD,JPY,9644.51,1.02,Failed,159.01,162.28,198.49,CLEARED
TXN-1331,2026-08-16,USD,JPY,6568.94,1.02,Completed,159.01,162.74,154.21,CLEARED
TXN-1332,2026-08-16,USD,JPY,3491.03,1.01,Completed,159.01,161.14,46.68,CLEARED
TXN-1333,2026-08-16,USD,EUR,10807.33,1.02,Completed,0.86,0.88,209.76,REVIEW: HIGH VALUE
TXN-1334,2026-08-16,USD,AUD,8820.11,1.01,Completed,1.41,1.43,104.88,CLEARED
TXN-1335,2026-08-16,USD,JPY,9118.38,1.03,Completed,159.01,163.53,259.4,CLEARED
TXN-1336,2026-08-16,USD,AUD,3911.25,1.02,Completed,1.41,1.44,83.51,CLEARED
TXN-1337,2026-08-16,USD,EUR,1474.02,1.02,Completed,0.86,0.88,26.74,CLEARED
TXN-1338,2026-08-16,USD,EUR,11224.86,1.04,Completed,0.86,0.9,444.02,REVIEW: HIGH SPREAD
TXN-1339,2026-08-16,USD,EUR,10965.96,1.01,Delayed,0.86,0.88,161.12,REVIEW: HIGH VALUE
TXN-1340,2026-08-16,USD,JPY,519.0,1.03,Completed,159.01,163.41,14.35,CLEARED
TXN-1341,2026-08-16,USD,GBP,14424.75,1.02,Completed,0.74,0.75,268.1,REVIEW: HIGH VALUE
TXN-1342,2026-08-16,USD,GBP,3735.29,1.02,Completed,0.74,0.76,90.62,CLEARED
TXN-1343,2026-08-16,USD,PHP,12335.84,1.03,Completed,61.39,63.39,402.16,REVIEW: HIGH SPREAD
TXN-1344,2026-08-16,USD,EUR,6589.12,1.03,Completed,0.86,0.89,196.75,CLEARED
TXN-1345,2026-08-16,USD,AUD,6313.12,1.04,Completed,1.41,1.46,224.81,REVIEW: HIGH SPREAD
TXN-1346,2026-08-16,USD,GBP,4494.15,1.03,Completed,0.74,0.76,138.34,REVIEW: HIGH SPREAD
TXN-1347,2026-08-16,USD,PHP,1031.77,1.03,Completed,61.39,63.32,32.4,REVIEW: HIGH SPREAD
TXN-1348,2026-08-16,USD,AUD,4232.1,1.02,Completed,1.41,1.44,78.14,CLEARED
TXN-1349,2026-08-16,USD,AUD,5337.71,1.02,Completed,1.41,1.44,100.38,CLEARED
TXN-1350,2026-08-16,USD,EUR,13147.46,1.02,Completed,0.86,0.88,197.69,REVIEW: HIGH VALUE
TXN-1351,2026-08-16,USD,PHP,7984.35,1.03,Completed,61.39,62.95,202.53,CLEARED
TXN-1352,2026-08-16,USD,PHP,1530.41,1.04,Completed,61.39,63.58,54.56,REVIEW: HIGH SPREAD
TXN-1353,2026-08-16,USD,PHP,9896.95,1.01,Completed,61.39,62.25,138.69,CLEARED
TXN-1354,2026-08-16,USD,GBP,7283.59,1.03,Completed,0.74,0.76,186.21,CLEARED
TXN-1355,2026-08-16,USD,PHP,1747.68,1.01,Completed,61.39,62.27,25.19,CLEARED
TXN-1356,2026-08-16,USD,JPY,9836.05,1.03,Completed,159.01,164.04,311.35,REVIEW: HIGH SPREAD
TXN-1357,2026-08-16,USD,EUR,10287.13,1.02,Completed,0.86,0.88,173.48,REVIEW: HIGH VALUE
TXN-1358,2026-08-16,USD,PHP,1702.97,1.01,Completed,61.39,62.15,21.11,CLEARED
TXN-1359,2026-08-16,USD,GBP,8249.37,1.01,Completed,0.74,0.75,110.72,CLEARED
TXN-1360,2026-08-16,USD,PHP,4309.54,1.03,Completed,61.39,63.27,131.87,REVIEW: HIGH SPREAD
TXN-1361,2026-08-16,USD,PHP,1349.2,1.01,Completed,61.39,62.12,16.08,CLEARED
TXN-1362,2026-08-16,USD,EUR,5501.75,1.02,Delayed,0.86,0.88,92.45,CLEARED
TXN-1363,2026-08-16,USD,PHP,4877.5,1.03,Delayed,61.39,63.13,138.66,CLEARED
TXN-1364,2026-08-16,USD,GBP,692.69,1.01,Completed,0.74,0.75,9.42,CLEARED
TXN-1365,2026-08-16,USD,GBP,12564.9,1.03,Completed,0.74,0.76,336.0,REVIEW: HIGH VALUE
TXN-1366,2026-08-16,USD,AUD,12683.33,1.02,Completed,1.41,1.44,223.03,REVIEW: HIGH VALUE
TXN-1367,2026-08-16,USD,AUD,11178.04,1.01,Completed,1.41,1.43,136.97,REVIEW: HIGH VALUE
TXN-1368,2026-08-16,USD,PHP,10561.83,1.03,Completed,61.39,63.03,282.9,REVIEW: HIGH VALUE
TXN-1369,2026-08-16,USD,AUD,14553.66,1.02,Completed,1.41,1.45,344.21,REVIEW: HIGH VALUE
TXN-1370,2026-08-16,USD,JPY,11690.16,1.01,Completed,159.01,161.04,149.52,REVIEW: HIGH VALUE
TXN-1371,2026-08-16,USD,EUR,4342.87,1.01,Completed,0.86,0.87,45.0,CLEARED
TXN-1372,2026-08-16,USD,PHP,7288.59,1.03,Completed,61.39,63.27,223.64,REVIEW: HIGH SPREAD
TXN-1373,2026-08-16,USD,GBP,3976.58,1.02,Delayed,0.74,0.76,95.3,CLEARED
TXN-1374,2026-08-16,USD,GBP,1471.79,1.03,Completed,0.74,0.76,41.19,CLEARED
TXN-1375,2026-08-16,USD,EUR,14600.98,1.04,Completed,0.86,0.9,549.71,REVIEW: HIGH SPREAD
TXN-1376,2026-08-16,USD,PHP,7524.63,1.03,Completed,61.39,63.47,254.62,REVIEW: HIGH SPREAD
TXN-1377,2026-08-16,USD,PHP,3592.63,1.03,Delayed,61.39,63.38,116.38,REVIEW: HIGH SPREAD
TXN-1378,2026-08-16,USD,JPY,14812.68,1.04,Completed,159.01,165.09,566.63,REVIEW: HIGH SPREAD
TXN-1379,2026-08-16,USD,PHP,13980.69,1.02,Completed,61.39,62.68,294.92,REVIEW: HIGH VALUE
TXN-1380,2026-08-16,USD,PHP,2077.64,1.04,Completed,61.39,63.67,77.08,REVIEW: HIGH SPREAD
TXN-1381,2026-08-16,USD,GBP,8642.43,1.02,Completed,0.74,0.75,172.4,CLEARED
TXN-1382,2026-08-16,USD,JPY,13532.27,1.02,Completed,159.01,162.07,260.13,REVIEW: HIGH VALUE
TXN-1383,2026-08-16,USD,AUD,7152.46,1.03,Failed,1.41,1.45,211.95,CLEARED
TXN-1384,2026-08-16,USD,AUD,5034.93,1.01,Completed,1.41,1.43,54.21,CLEARED
TXN-1385,2026-08-16,USD,PHP,5777.94,1.01,Completed,61.39,62.27,83.03,CLEARED
TXN-1386,2026-08-16,USD,EUR,11948.39,1.01,Completed,0.86,0.87,143.94,REVIEW: HIGH VALUE
TXN-1387,2026-08-16,USD,GBP,10418.73,1.02,Completed,0.74,0.75,189.29,REVIEW: HIGH VALUE
TXN-1388,2026-08-16,USD,AUD,1522.97,1.03,Delayed,1.41,1.45,38.66,CLEARED
TXN-1389,2026-08-16,USD,PHP,5002.19,1.02,Completed,61.39,62.81,115.51,CLEARED
TXN-1390,2026-08-16,USD,GBP,8985.17,1.01,Completed,0.74,0.75,92.05,CLEARED
TXN-1391,2026-08-16,USD,JPY,8904.65,1.02,Completed,159.01,161.48,138.36,CLEARED
TXN-1392,2026-08-16,USD,AUD,7436.3,1.03,Completed,1.41,1.46,238.95,REVIEW: HIGH SPREAD
TXN-1393,2026-08-16,USD,JPY,9726.73,1.03,Completed,159.01,163.1,250.42,CLEARED
TXN-1394,2026-08-16,USD,AUD,4774.08,1.03,Completed,1.41,1.45,120.04,CLEARED
TXN-1395,2026-08-16,USD,AUD,742.44,1.04,Completed,1.41,1.47,28.11,REVIEW: HIGH SPREAD
TXN-1396,2026-08-16,USD,PHP,5862.02,1.04,Completed,61.39,63.72,222.4,REVIEW: HIGH SPREAD
TXN-1397,2026-08-16,USD,GBP,9549.47,1.02,Completed,0.74,0.76,225.1,CLEARED
TXN-1398,2026-08-16,USD,EUR,4137.55,1.04,Completed,0.86,0.9,164.98,REVIEW: HIGH SPREAD
TXN-1399,2026-08-16,USD,EUR,14681.32,1.03,Completed,0.86,0.89,452.87,REVIEW: HIGH SPREAD
TXN-1400,2026-08-16,USD,PHP,14445.41,1.02,Completed,61.39,62.71,309.93,REVIEW: HIGH VALUE
TXN-1401,2026-08-16,USD,EUR,11644.12,1.02,Completed,0.86,0.88,183.16,REVIEW: HIGH VALUE
TXN-1402,2026-08-16,USD,GBP,6691.95,1.02,Completed,0.74,0.75,125.72,CLEARED
TXN-1403,2026-08-16,USD,AUD,12350.22,1.04,Completed,1.41,1.47,476.03,REVIEW: HIGH SPREAD
TXN-1404,2026-08-16,USD,GBP,10599.85,1.03,Completed,0.74,0.76,309.49,REVIEW: HIGH VALUE
TXN-1405,2026-08-16,USD,EUR,634.04,1.01,Completed,0.86,0.88,8.15,CLEARED
TXN-1406,2026-08-16,USD,PHP,2140.39,1.03,Completed,61.39,62.97,55.01,CLEARED
TXN-1407,2026-08-16,USD,EUR,12729.06,1.02,Completed,0.86,0.88,237.77,REVIEW: HIGH VALUE
TXN-1408,2026-08-16,USD,EUR,12279.93,1.02,Completed,0.86,0.88,247.19,REVIEW: HIGH VALUE
TXN-1409,2026-08-16,USD,EUR,12879.89,1.02,Completed,0.86,0.88,224.93,REVIEW: HIGH VALUE
TXN-1410,2026-08-16,USD,PHP,7038.0,1.02,Completed,61.39,62.48,125.76,CLEARED
TXN-1411,2026-08-16,USD,JPY,1301.08,1.02,Completed,159.01,162.62,29.5,CLEARED
TXN-1412,2026-08-16,USD,EUR,8632.6,1.02,Completed,0.86,0.89,206.97,CLEARED
TXN-1413,2026-08-16,USD,JPY,10557.17,1.04,Completed,159.01,165.29,416.63,REVIEW: HIGH SPREAD
TXN-1414,2026-08-16,USD,AUD,8389.74,1.03,Completed,1.41,1.46,269.19,REVIEW: HIGH SPREAD
TXN-1415,2026-08-16,USD,EUR,5459.78,1.03,Completed,0.86,0.89,138.69,CLEARED
TXN-1416,2026-08-16,USD,EUR,584.83,1.02,Completed,0.86,0.88,11.08,CLEARED
TXN-1417,2026-08-16,USD,PHP,14265.31,1.03,Completed,61.39,63.34,454.02,REVIEW: HIGH SPREAD
TXN-1418,2026-08-16,USD,AUD,9771.16,1.04,Completed,1.41,1.46,361.9,REVIEW: HIGH SPREAD
TXN-1419,2026-08-16,USD,PHP,9218.89,1.03,Completed,61.39,63.21,273.76,CLEARED
TXN-1420,2026-08-16,USD,JPY,9928.25,1.01,Completed,159.01,160.84,113.99,CLEARED
TXN-1421,2026-08-16,USD,GBP,3755.99,1.01,Completed,0.74,0.75,39.86,CLEARED
TXN-1422,2026-08-16,USD,PHP,8120.89,1.02,Completed,61.39,62.55,154.07,CLEARED
TXN-1423,2026-08-16,USD,AUD,7342.31,1.02,Completed,1.41,1.45,174.57,CLEARED
TXN-1424,2026-08-16,USD,AUD,6255.07,1.01,Completed,1.41,1.43,84.19,CLEARED
TXN-1425,2026-08-16,USD,AUD,7086.57,1.03,Completed,1.41,1.46,219.48,REVIEW: HIGH SPREAD
TXN-1426,2026-08-16,USD,PHP,12840.68,1.03,Completed,61.39,63.02,340.92,REVIEW: HIGH VALUE
TXN-1427,2026-08-16,USD,PHP,14391.37,1.01,Delayed,61.39,62.08,163.07,REVIEW: HIGH VALUE
TXN-1428,2026-08-16,USD,EUR,6626.08,1.04,Delayed,0.86,0.9,248.08,REVIEW: HIGH SPREAD
TXN-1429,2026-08-16,USD,PHP,8763.67,1.01,Completed,61.39,62.26,124.47,CLEARED
TXN-1430,2026-08-16,USD,AUD,8534.75,1.02,Completed,1.41,1.43,136.13,CLEARED
TXN-1431,2026-08-16,USD,PHP,3334.34,1.04,Delayed,61.39,63.63,121.54,REVIEW: HIGH SPREAD
TXN-1432,2026-08-16,USD,EUR,14339.49,1.02,Completed,0.86,0.88,222.13,REVIEW: HIGH VALUE
TXN-1433,2026-08-16,USD,JPY,6434.34,1.04,Completed,159.01,164.77,233.08,REVIEW: HIGH SPREAD
TXN-1434,2026-08-16,USD,EUR,866.89,1.03,Completed,0.86,0.89,24.3,CLEARED
TXN-1435,2026-08-16,USD,JPY,13315.62,1.04,Completed,159.01,164.82,486.61,REVIEW: HIGH SPREAD
TXN-1436,2026-08-16,USD,GBP,10127.94,1.03,Completed,0.74,0.76,287.09,REVIEW: HIGH VALUE
TXN-1437,2026-08-16,USD,PHP,11553.52,1.03,Completed,61.39,63.07,317.23,REVIEW: HIGH VALUE
TXN-1438,2026-08-16,USD,PHP,12258.56,1.03,Completed,61.39,63.48,417.28,REVIEW: HIGH SPREAD
TXN-1439,2026-08-16,USD,JPY,747.24,1.03,Completed,159.01,163.13,19.34,CLEARED
TXN-1440,2026-08-16,USD,JPY,4951.16,1.03,Completed,159.01,163.36,135.34,CLEARED
TXN-1441,2026-08-16,USD,GBP,11543.13,1.03,Completed,0.74,0.76,394.31,REVIEW: HIGH SPREAD
TXN-1442,2026-08-16,USD,AUD,4703.46,1.03,Completed,1.41,1.46,155.23,REVIEW: HIGH SPREAD
TXN-1443,2026-08-16,USD,EUR,5382.78,1.01,Completed,0.86,0.88,66.62,CLEARED
TXN-1444,2026-08-16,USD,PHP,14219.45,1.04,Completed,61.39,63.57,505.32,REVIEW: HIGH SPREAD
TXN-1445,2026-08-16,USD,AUD,5977.32,1.02,Completed,1.41,1.45,140.71,CLEARED
TXN-1446,2026-08-16,USD,EUR,11014.38,1.01,Completed,0.86,0.87,115.91,REVIEW: HIGH VALUE
TXN-1447,2026-08-16,USD,JPY,5764.25,1.03,Completed,159.01,163.02,145.54,CLEARED
TXN-1448,2026-08-16,USD,PHP,2452.5,1.01,Completed,61.39,62.04,25.94,CLEARED
TXN-1449,2026-08-16,USD,PHP,11801.48,1.02,Completed,61.39,62.64,241.04,REVIEW: HIGH VALUE
TXN-1450,2026-08-16,USD,AUD,7380.81,1.02,Completed,1.41,1.44,127.89,CLEARED
TXN-1451,2026-08-16,USD,EUR,1421.14,1.02,Completed,0.86,0.89,35.36,CLEARED
TXN-1452,2026-08-16,USD,AUD,6446.01,1.03,Completed,1.41,1.45,175.07,CLEARED
TXN-1453,2026-08-16,USD,JPY,14348.81,1.04,Completed,159.01,164.91,532.35,REVIEW: HIGH SPREAD
TXN-1454,2026-08-16,USD,PHP,8156.83,1.03,Completed,61.39,63.35,261.17,REVIEW: HIGH SPREAD
TXN-1455,2026-08-16,USD,JPY,6291.58,1.03,Completed,159.01,164.19,205.1,REVIEW: HIGH SPREAD
TXN-1456,2026-08-16,USD,EUR,6430.46,1.03,Completed,0.86,0.89,200.83,REVIEW: HIGH SPREAD
TXN-1457,2026-08-16,USD,AUD,3879.49,1.04,Completed,1.41,1.46,141.91,REVIEW: HIGH SPREAD
TXN-1458,2026-08-16,USD,PHP,7052.88,1.04,Completed,61.39,63.8,276.9,REVIEW: HIGH SPREAD
TXN-1459,2026-08-16,USD,PHP,12769.63,1.03,Completed,61.39,63.09,354.61,REVIEW: HIGH VALUE
TXN-1460,2026-08-16,USD,JPY,11373.85,1.03,Completed,159.01,163.07,290.35,REVIEW: HIGH VALUE
TXN-1461,2026-08-16,USD,EUR,2704.73,1.03,Completed,0.86,0.89,73.18,CLEARED
TXN-1462,2026-08-16,USD,EUR,8095.96,1.02,Completed,0.86,0.88,176.27,CLEARED
TXN-1463,2026-08-16,USD,EUR,5197.41,1.03,Completed,0.86,0.89,166.84,REVIEW: HIGH SPREAD
TXN-1464,2026-08-16,USD,PHP,7532.33,1.03,Completed,61.39,63.45,253.04,REVIEW: HIGH SPREAD
TXN-1465,2026-08-16,USD,EUR,3713.5,1.03,Completed,0.86,0.89,128.31,REVIEW: HIGH SPREAD
TXN-1466,2026-08-16,USD,EUR,6444.69,1.02,Completed,0.86,0.88,145.11,CLEARED
TXN-1467,2026-08-16,USD,AUD,6062.26,1.02,Completed,1.41,1.44,139.04,CLEARED
TXN-1468,2026-08-16,USD,EUR,9991.83,1.03,Completed,0.86,0.89,255.49,CLEARED
TXN-1469,2026-08-16,USD,AUD,5724.91,1.02,Completed,1.41,1.43,86.82,CLEARED
TXN-1470,2026-08-16,USD,EUR,8495.57,1.03,Completed,0.86,0.89,279.31,REVIEW: HIGH SPREAD
TXN-1471,2026-08-16,USD,JPY,9242.26,1.03,Completed,159.01,163.99,289.42,REVIEW: HIGH SPREAD
TXN-1472,2026-08-16,USD,EUR,11573.43,1.03,Delayed,0.86,0.89,309.54,REVIEW: HIGH VALUE
TXN-1473,2026-08-16,USD,JPY,13034.35,1.01,Completed,159.01,160.69,138.0,REVIEW: HIGH VALUE
TXN-1474,2026-08-16,USD,GBP,9739.72,1.02,Completed,0.74,0.75,206.06,CLEARED
TXN-1475,2026-08-16,USD,GBP,3237.68,1.02,Completed,0.74,0.75,68.85,CLEARED
TXN-1476,2026-08-16,USD,PHP,12933.66,1.02,Completed,61.39,62.65,266.01,REVIEW: HIGH VALUE
TXN-1477,2026-08-16,USD,AUD,3271.24,1.04,Delayed,1.41,1.47,129.55,REVIEW: HIGH SPREAD
TXN-1478,2026-08-16,USD,GBP,4771.24,1.01,Delayed,0.74,0.75,48.19,CLEARED
TXN-1479,2026-08-16,USD,PHP,4147.34,1.03,Completed,61.39,63.04,111.78,CLEARED
TXN-1480,2026-08-16,USD,PHP,556.47,1.02,Completed,61.39,62.56,10.59,CLEARED
TXN-1481,2026-08-16,USD,AUD,13799.57,1.02,Completed,1.41,1.44,259.86,REVIEW: HIGH VALUE
TXN-1482,2026-08-16,USD,JPY,7472.84,1.02,Completed,159.01,162.49,163.59,CLEARED
TXN-1483,2026-08-16,USD,PHP,3236.37,1.02,Completed,61.39,62.61,64.47,CLEARED
TXN-1484,2026-08-16,USD,JPY,14572.67,1.01,Completed,159.01,161.26,206.16,REVIEW: HIGH VALUE
TXN-1485,2026-08-16,USD,GBP,12520.72,1.02,Failed,0.74,0.75,215.6,REVIEW: HIGH VALUE
TXN-1486,2026-08-16,USD,GBP,2967.22,1.03,Completed,0.74,0.76,84.35,CLEARED
TXN-1487,2026-08-16,USD,EUR,6901.34,1.03,Completed,0.86,0.89,228.15,REVIEW: HIGH SPREAD
TXN-1488,2026-08-16,USD,GBP,8015.67,1.03,Completed,0.74,0.76,255.31,REVIEW: HIGH SPREAD
TXN-1489,2026-08-16,USD,JPY,2059.23,1.02,Completed,159.01,162.86,49.82,CLEARED
TXN-1490,2026-08-16,USD,JPY,13533.68,1.03,Completed,159.01,163.08,346.65,REVIEW: HIGH VALUE
TXN-1491,2026-08-16,USD,GBP,5869.89,1.04,Delayed,0.74,0.77,228.5,REVIEW: HIGH SPREAD
TXN-1492,2026-08-16,USD,EUR,6941.89,1.04,Completed,0.86,0.9,271.45,REVIEW: HIGH SPREAD
TXN-1493,2026-08-16,USD,PHP,4098.81,1.02,Completed,61.39,62.5,73.92,CLEARED
TXN-1494,2026-08-16,USD,PHP,3197.77,1.03,Completed,61.39,63.47,108.31,REVIEW: HIGH SPREAD
TXN-1495,2026-08-16,USD,EUR,6480.61,1.01,Completed,0.86,0.87,69.71,CLEARED
TXN-1496,2026-08-16,USD,GBP,3345.07,1.04,Completed,0.74,0.77,119.05,REVIEW: HIGH SPREAD
TXN-1497,2026-08-16,USD,EUR,6719.94,1.02,Completed,0.86,0.88,150.65,CLEARED
TXN-1498,2026-08-16,USD,JPY,5958.35,1.03,Completed,159.01,163.7,175.88,CLEARED
TXN-1499,2026-08-16,USD,GBP,989.58,1.03,Failed,0.74,0.76,26.5,CLEARED
TXN-1500,2026-08-16,USD,JPY,11968.06,1.01,Completed,159.01,161.29,171.67,REVIEW: HIGH VALUE
